<?xml version="1.0"?>
<!--

$Id: site.xml 525 2010-01-05 14:07:36Z davemckain $

Copyright (c) 2010, The University of Edinburgh
All Rights Reserved

-->
<project name="SnuggleTeX">
  <bannerLeft>
    <name>SnuggleTeX (Maven Developer Reports Site)</name>
  </bannerLeft>
  <body>
    <links>
      <item name="School of Physics and Astronomy" href="http://www.ph.ed.ac.uk"/>
    </links>
    <menu name="SnuggleTeX Links">
      <item name="User Guide" href="http://www.ph.ed.ac.uk/snuggletex/"/>
      <item name="SourceForge.net Developer Area" href="http://www.sourceforge.net/projects/snuggletex/"/>
    </menu>
    <menu ref="reports"/>
  </body>
</project>

