<!--

Assembly descriptor for the full SnuggleTeX bundle
containing sources and dependencies.

$Id: full.xml 554 2010-04-26 10:23:22Z davemckain $

Copyright (c) 2010, The University of Edinburgh
All Rights Reserved

-->
<assembly>
  <id>full</id>
  <formats>
    <format>zip</format>
  </formats>
  <includeBaseDirectory>true</includeBaseDirectory>
  <moduleSets>
    <!-- Binaries -->
    <moduleSet>
      <includes>
        <include>uk.ac.ed.ph.snuggletex:snuggletex-core</include>
        <include>uk.ac.ed.ph.snuggletex:snuggletex-upconversion</include>
        <include>uk.ac.ed.ph.snuggletex:snuggletex-jeuclid</include>
        <include>uk.ac.ed.ph.snuggletex:snuggletex-webapp</include>
      </includes>
      <binaries>
        <outputDirectory>bin</outputDirectory>
        <includeDependencies>true</includeDependencies>
        <dependencySets>
          <dependencySet>
            <unpack>false</unpack>
            <scope>runtime</scope>
          </dependencySet>
        </dependencySets>
        <unpack>false</unpack>
      </binaries>
    </moduleSet>
    <!-- (We need the generated snuggletex.css) -->
    <moduleSet>
      <includes>
        <include>uk.ac.ed.ph.snuggletex:snuggletex-core</include>
      </includes>
      <sources>
        <includeModuleDirectory>false</includeModuleDirectory>
        <fileSets>
          <fileSet>
            <directory>target</directory>
            <outputDirectory>bin</outputDirectory>
            <includes>
              <include>snuggletex.css</include>
            </includes>
          </fileSet>
        </fileSets>
      </sources>
    </moduleSet>
  </moduleSets>
  <fileSets>
    <!-- Include README.txt and other stuff at top level -->
    <fileSet>
      <directory>${project.basedir}</directory>
      <includes>
        <include>LICENSE.txt</include>
        <include>README.txt</include>
      </includes>
    </fileSet>
    <!-- Put rest of project source in 'src' container directory -->
    <fileSet>
      <directory>${project.basedir}</directory>
      <outputDirectory>src</outputDirectory>
      <excludes>
        <exclude>target/**</exclude>
        <exclude>*/target/**</exclude>
        <exclude>LICENSE.txt</exclude>
        <exclude>README.txt</exclude>
      </excludes>
    </fileSet>
  </fileSets>
</assembly>
